<?xml version="1.0" encoding="UTF-8"?>
<project-private xmlns="http://www.netbeans.org/ns/project-private/1">
    <editor-bookmarks xmlns="http://www.netbeans.org/ns/editor-bookmarks/2" lastBookmarkId="0"/>
    <open-files xmlns="http://www.netbeans.org/ns/projectui-open-files/2">
        <group>
            <file>file:/C:/Users/jaime/OneDrive/Documentos/NetBeansProjects/TDD_Lineas/src/dibujo/Sur1.java</file>
            <file>file:/C:/Users/jaime/OneDrive/Documentos/NetBeansProjects/TDD_Lineas/src/dibujo/Nor1.java</file>
            <file>file:/C:/Users/jaime/OneDrive/Documentos/NetBeansProjects/TDD_Lineas/src/principal/Main.java</file>
            <file>file:/C:/Users/jaime/OneDrive/Documentos/NetBeansProjects/TDD_Lineas/src/dibujo/Lineas.java</file>
            <file>file:/C:/Users/jaime/OneDrive/Documentos/NetBeansProjects/TDD_Lineas/src/dibujo/Lienzo.java</file>
            <file>file:/C:/Users/jaime/OneDrive/Documentos/NetBeansProjects/TDD_Lineas/test/testLineas.java</file>
            <file>file:/C:/Users/jaime/OneDrive/Documentos/NetBeansProjects/TDD_Lineas/src/dibujo/Oes1.java</file>
            <file>file:/C:/Users/jaime/OneDrive/Documentos/NetBeansProjects/TDD_Lineas/src/dibujo/Est1.java</file>
        </group>
    </open-files>
</project-private>
